"STATE","state_fips","CONGRESSIONAL DISTRICT","DISTRICT ID","ERETURN14","ENEW14","EEIC14","EEICAM14","ECTC14","ECTCAM14","EACTC14","EACTCAM14","ECDCTC14","EEDCR14","ESLD14","EREF14","EREFAM14","EBAL14","EBALAM14","EDIRDP14","ERAL14","ERAC14","ESELF14","EPAID14","EVOL14","E1040_14","E1040A_14","E1040Z_14","ECEF14","EAGI0_14","EAGI5_14","EAGI10_14","EAGI15_14","EAGI20_14","EAGI25_14","EAGI30_14","EAGI35_14","EAGI40_14","EAGI50_14"
VT,50,Congressional District (at Large),"=""5000 """,545,0,545,"1,077,527",148,"99,816",267,"310,175",49,23,44,509,"1,920,295",35,"42,120",440,0,220,308,214,23,253,234,0,129,76,94,105,69,40,53,58,33,0,0
VT,50,Congressional District (at Large),"=""5000 """,45,0,45,"77,532",9,"7,151",9,"16,306",0,0,0,42,"128,467",0,"1,742",33,0,0,23,0,0,23,0,0,0,0,0,0,0,0,0,0,0,0,0
VT,50,Congressional District (at Large),"=""5000 """,0,0,0,"28,792",0,"1,000",0,"13,172",0,0,0,0,"38,066",0,"7,363",0,0,0,0,0,0,0,0,0,0,0,0,0,0,0,0,0,0,0,0
VT,50,Congressional District (at Large),"=""5000 """,174,0,174,"366,704",55,"40,327",92,"120,914",0,0,0,160,"637,953",0,"7,699",136,0,52,93,74,0,84,73,0,59,22,33,29,22,0,21,0,0,0,0
VT,50,Congressional District (at Large),"=""5000 """,270,0,270,"559,959",99,"76,465",146,"174,003",0,0,0,253,"1,045,869",0,"13,673",222,0,102,142,117,0,131,121,0,61,27,43,36,33,28,35,33,21,0,0
VT,50,Congressional District (at Large),"=""5000 """,23,0,23,"40,142",2,988,9,"10,802",0,0,0,21,"64,134",0,"1,846",0,0,0,0,0,0,0,0,0,0,0,0,0,0,0,0,0,0,0,0
VT,50,Congressional District (at Large),"=""5000 """,41,0,41,"75,052",9,"8,045",9,"20,914",0,0,0,37,"112,695",0,"6,963",25,0,0,25,0,0,23,0,0,0,0,0,0,0,0,0,0,0,0,0
VT,50,Congressional District (at Large),"=""5000 """,52,0,52,"83,130",9,"9,715",9,"31,752",0,0,0,48,"147,992",0,"4,661",39,0,0,28,23,0,28,0,0,21,0,0,0,0,0,0,0,0,0,0
VT,50,Congressional District (at Large),"=""5000 """,46,0,46,"75,567",9,"10,115",9,"21,149",0,0,0,39,"140,448",0,"4,983",33,0,0,21,25,0,29,0,0,21,0,0,0,0,0,0,0,0,0,0
VT,50,Congressional District (at Large),"=""5000 """,86,0,86,"197,594",9,"16,883",48,"69,873",0,0,0,78,"336,469",0,"7,947",61,0,24,52,30,0,43,35,0,25,0,0,0,0,0,0,0,0,0,0
VT,50,Congressional District (at Large),"=""5000 """,78,0,78,"140,144",9,"14,740",36,"38,220",0,0,0,67,"224,809",0,"5,613",58,0,24,37,38,0,50,22,0,31,0,0,0,0,0,0,0,0,0,0
VT,50,Congressional District (at Large),"=""5000 """,49,0,49,"83,559",9,"13,861",23,"28,926",0,0,0,43,"165,437",0,"3,371",35,0,0,24,22,0,27,0,0,0,0,0,0,0,0,0,0,0,0,0
VT,50,Congressional District (at Large),"=""5000 """,30,0,30,"75,655",5,"3,557",9,"25,605",0,0,0,28,"119,277",0,"1,117",26,0,0,0,0,0,0,0,0,0,0,0,0,0,0,0,0,0,0,0
VT,50,Congressional District (at Large),"=""5000 """,41,0,41,"106,395",9,"11,604",28,"44,400",0,0,0,39,"203,226",0,"1,877",33,0,0,0,25,0,22,0,0,0,0,0,0,0,0,0,0,0,0,0
VT,50,Congressional District (at Large),"=""5000 """,44,0,44,"99,234",9,"9,494",22,"27,461",0,0,0,40,"161,120",0,"4,568",32,0,0,24,0,0,25,0,0,0,0,0,0,0,0,0,0,0,0,0
VT,50,Congressional District (at Large),"=""5000 """,87,0,87,"155,703",21,"16,401",38,"47,732",0,0,0,80,"270,252",0,"5,041",66,0,24,52,32,0,52,27,0,25,0,0,0,0,0,0,0,0,0,0
VT,50,Congressional District (at Large),"=""5000 """,100,0,100,"194,507",27,"23,111",56,"70,124",0,0,0,93,"387,263",0,"3,241",77,0,23,49,48,0,64,27,0,35,0,0,0,0,0,0,0,0,0,0
VT,50,Congressional District (at Large),"=""5000 """,64,0,64,"101,509",9,"15,427",27,"31,708",0,0,0,60,"212,563",0,"3,105",53,0,26,34,28,0,23,30,0,0,0,0,0,0,0,0,0,0,0,0
VT,50,Congressional District (at Large),"=""5000 """,132,0,132,"227,241",41,"38,473",59,"60,249",0,0,0,111,"400,750",21,"24,981",95,0,46,80,51,0,69,55,0,46,0,23,26,0,0,0,0,0,0,0
VT,50,Congressional District (at Large),"=""5000 """,80,0,80,"164,534",9,"13,482",37,"48,826",0,0,0,72,"290,945",0,"5,838",57,0,22,41,38,0,46,27,0,23,0,0,0,0,0,0,0,0,0,0
VT,50,Congressional District (at Large),"=""5000 """,26,0,26,"62,550",3,"2,107",9,"18,608",0,0,0,25,"95,812",0,475,21,0,0,0,0,0,0,0,0,0,0,0,0,0,0,0,0,0,0,0
VT,50,Congressional District (at Large),"=""5000 """,95,0,95,"133,655",21,"16,867",29,"36,795",0,0,0,80,"230,308",0,"13,183",64,0,24,52,37,0,53,36,0,35,0,26,21,0,0,0,0,0,0,0
VT,50,Congressional District (at Large),"=""5000 """,0,0,0,"15,243",0,"1,171",0,"4,786",0,0,0,0,"28,125",0,206,0,0,0,0,0,0,0,0,0,0,0,0,0,0,0,0,0,0,0,0
VT,50,Congressional District (at Large),"=""5000 """,30,0,30,"52,199",9,"7,951",9,"14,706",0,0,0,27,"103,659",0,"7,050",21,0,0,0,0,0,0,0,0,0,0,0,0,0,0,0,0,0,0,0
VT,50,Congressional District (at Large),"=""5000 """,70,0,70,"122,364",9,"13,054",32,"38,960",0,0,0,63,"213,263",0,"6,738",54,0,27,39,30,0,38,25,0,21,0,0,0,0,0,0,0,0,0,0
VT,50,Congressional District (at Large),"=""5000 """,368,0,368,"734,413",106,"79,657",178,"229,827",31,0,36,351,"1,350,822",0,"23,215",289,0,135,217,119,32,164,169,0,81,50,62,64,42,42,36,29,22,21,0
VT,50,Congressional District (at Large),"=""5000 """,88,0,88,"175,141",25,"17,792",42,"73,460",0,0,0,77,"339,111",0,"5,264",63,0,25,56,28,0,47,30,0,24,0,0,0,0,0,0,0,0,0,0
VT,50,Congressional District (at Large),"=""5000 """,52,0,52,"79,291",8,"5,877",9,"20,484",0,0,0,44,"141,604",0,"13,576",31,0,0,24,24,0,36,0,0,23,0,0,0,0,0,0,0,0,0,0
VT,50,Congressional District (at Large),"=""5000 """,92,0,92,"183,304",32,"24,371",45,"58,413",0,0,0,85,"358,093",0,"2,781",78,0,36,56,34,0,41,43,0,30,0,0,0,0,0,0,0,0,0,0
VT,50,Congressional District (at Large),"=""5000 """,258,0,258,"445,513",65,"52,023",108,"137,543",0,0,27,224,"785,634",33,"20,417",195,0,95,149,97,0,134,102,0,82,56,53,34,21,25,0,22,0,0,0
VT,50,Congressional District (at Large),"=""5000 """,59,0,59,"119,583",9,"15,750",32,"39,200",0,0,0,56,"218,159",0,"1,380",45,0,0,24,35,0,26,27,0,0,0,0,0,0,0,0,0,0,0,0
VT,50,Congressional District (at Large),"=""5000 """,22,0,22,"38,182",9,"6,628",9,"13,069",0,0,0,9,"54,170",0,"8,246",0,0,0,0,0,0,0,0,0,0,0,0,0,0,0,0,0,0,0,0
VT,50,Congressional District (at Large),"=""5000 """,24,0,24,"39,427",6,"4,030",7,"9,053",0,0,0,9,"58,100",0,"2,809",0,0,0,0,0,0,0,0,0,0,0,0,0,0,0,0,0,0,0,0
VT,50,Congressional District (at Large),"=""5000 """,70,0,70,"101,068",9,"14,809",30,"30,340",0,0,0,67,"203,309",0,"3,779",57,0,0,43,25,0,37,22,0,25,0,0,0,0,0,0,0,0,0,0
VT,50,Congressional District (at Large),"=""5000 """,45,0,45,"99,218",9,"14,290",27,"39,694",0,0,0,42,"183,024",0,"2,297",34,0,0,29,0,0,23,0,0,0,0,0,0,0,0,0,0,0,0,0
VT,50,Congressional District (at Large),"=""5000 """,88,0,88,"190,196",9,"11,771",42,"60,807",0,0,0,81,"315,856",0,"3,649",68,0,22,43,40,0,56,27,0,40,0,0,23,0,0,0,0,0,0,0
VT,50,Congressional District (at Large),"=""5000 """,55,0,55,"94,580",9,"9,551",24,"26,836",0,0,0,48,"151,858",0,"7,139",37,0,0,23,30,0,36,0,0,26,0,0,0,0,0,0,0,0,0,0
VT,50,Congressional District (at Large),"=""5000 """,102,0,102,"204,912",32,"26,881",50,"54,591",0,0,0,98,"358,259",0,701,79,0,25,50,47,0,53,40,0,28,0,0,0,0,0,0,0,0,0,0
VT,50,Congressional District (at Large),"=""5000 """,21,0,21,"47,292",3,"1,742",9,"14,622",0,0,0,9,"71,468",0,"1,430",0,0,0,0,0,0,0,0,0,0,0,0,0,0,0,0,0,0,0,0
VT,50,Congressional District (at Large),"=""5000 """,60,0,60,"100,443",23,"18,589",28,"28,870",0,0,0,54,"206,153",0,"3,113",43,0,0,26,31,0,39,0,0,22,0,0,0,0,0,0,0,0,0,0
VT,50,Congressional District (at Large),"=""5000 """,106,0,106,"210,776",36,"25,273",55,"63,521",0,0,0,101,"420,722",0,"1,471",88,0,47,61,42,0,47,49,0,22,0,0,27,0,0,0,0,0,0,0
VT,50,Congressional District (at Large),"=""5000 """,332,0,332,"615,139",84,"69,892",158,"191,866",0,0,24,308,"1,183,117",24,"16,910",273,0,126,208,111,0,124,164,0,63,57,62,65,0,35,29,36,0,0,0
VT,50,Congressional District (at Large),"=""5000 """,146,0,146,"199,676",44,"33,559",49,"56,556",0,0,0,120,"357,412",26,"24,613",92,0,39,79,58,0,84,49,0,58,23,27,31,0,0,0,0,0,0,0
VT,50,Congressional District (at Large),"=""5000 """,429,0,429,"865,556",116,"88,842",219,"249,651",0,0,28,418,"1,643,502",0,"8,072",349,0,211,216,185,28,169,201,0,54,60,80,73,46,55,32,39,23,0,0
VT,50,Congressional District (at Large),"=""5000 """,69,0,69,"143,409",9,"7,441",33,"50,600",0,0,0,66,"249,598",0,"2,671",53,0,28,34,33,0,36,25,0,0,0,0,0,0,0,0,0,0,0,0
VT,50,Congressional District (at Large),"=""5000 """,331,0,331,"653,318",91,"73,826",160,"195,374",0,0,33,298,"1,176,159",33,"20,196",249,0,106,146,171,0,198,102,0,131,41,57,64,35,31,28,32,22,0,0
VT,50,Congressional District (at Large),"=""5000 """,31,0,31,"77,783",8,"5,716",9,"22,596",0,0,0,28,"117,417",0,"4,081",0,0,0,0,0,0,0,0,0,0,0,0,0,0,0,0,0,0,0,0
VT,50,Congressional District (at Large),"=""5000 """,93,0,93,"177,007",31,"25,313",44,"51,944",0,0,0,85,"309,894",0,"4,066",66,0,21,39,50,0,57,31,0,40,0,0,0,0,0,0,0,0,0,0
VT,50,Congressional District (at Large),"=""5000 """,169,0,169,"309,386",51,"37,991",81,"86,550",0,0,0,155,"550,242",0,"8,164",128,0,69,94,73,0,77,70,0,41,0,34,37,0,0,0,0,0,0,0
VT,50,Congressional District (at Large),"=""5000 """,62,0,62,"128,865",9,"12,301",32,"35,509",0,0,0,59,"228,245",0,"2,072",48,0,26,30,31,0,25,33,0,0,0,0,0,0,0,0,0,0,0,0
VT,50,Congressional District (at Large),"=""5000 """,72,0,72,"135,172",25,"23,697",33,"38,546",0,0,0,67,"286,660",0,"7,307",55,0,30,39,32,0,38,32,0,27,0,0,0,0,0,0,0,0,0,0
VT,50,Congressional District (at Large),"=""5000 """,24,0,24,"43,993",1,352,9,"20,648",0,0,0,9,"73,299",0,988,0,0,0,0,0,0,0,0,0,0,0,0,0,0,0,0,0,0,0,0
VT,50,Congressional District (at Large),"=""5000 """,50,0,50,"118,336",21,"12,435",30,"38,005",0,0,0,50,"214,597",0,0,40,0,0,24,25,0,0,24,0,0,0,0,0,0,0,0,0,0,0,0
VT,50,Congressional District (at Large),"=""5000 """,82,0,82,"151,159",22,"18,693",41,"44,443",0,0,0,74,"261,774",0,"4,771",58,0,32,39,39,0,44,28,0,27,0,0,0,0,0,0,0,0,0,0
VT,50,Congressional District (at Large),"=""5000 """,84,0,84,"125,969",9,"12,260",29,"37,222",0,0,0,79,"230,251",0,"3,836",65,0,23,39,42,0,37,32,0,23,25,0,0,0,0,0,0,0,0,0
VT,50,Congressional District (at Large),"=""5000 """,741,0,741,"1,555,048",211,"160,527",390,"457,848",36,26,56,716,"2,869,808",25,"17,827",641,0,353,368,334,39,296,351,0,136,101,135,147,64,79,74,54,50,33,0
VT,50,Congressional District (at Large),"=""5000 """,88,0,88,"164,436",25,"18,213",41,"47,957",0,0,0,81,"325,254",0,"3,686",73,0,31,37,45,0,42,35,0,0,0,0,26,0,0,0,0,0,0,0
VT,50,Congressional District (at Large),"=""5000 """,25,0,25,"36,558",4,"2,464",5,"5,582",0,0,0,21,"47,810",0,"9,058",0,0,0,0,0,0,0,0,0,0,0,0,0,0,0,0,0,0,0,0
VT,50,Congressional District (at Large),"=""5000 ""","1,535",0,"1,535","3,355,209",416,"299,760",833,"976,787",70,39,91,"1,478","6,042,895",56,"32,458","1,295",0,616,934,535,66,517,838,0,256,191,315,273,196,155,143,129,78,53,0
VT,50,Congressional District (at Large),"=""5000 """,243,0,243,"488,889",75,"63,219",124,"164,302",0,0,26,222,"904,180",21,"27,268",182,0,83,136,105,0,119,101,0,73,26,32,53,30,30,0,0,0,0,0
VT,50,Congressional District (at Large),"=""5000 """,52,0,52,"92,811",9,"7,039",21,"23,866",0,0,0,47,"151,123",0,"3,303",34,0,0,32,0,0,30,0,0,0,0,0,0,0,0,0,0,0,0,0
VT,50,Congressional District (at Large),"=""5000 """,30,0,30,"68,240",4,"2,710",9,"22,679",0,0,0,29,"123,743",0,153,21,0,0,0,0,0,0,0,0,0,0,0,0,0,0,0,0,0,0,0
VT,50,Congressional District (at Large),"=""5000 """,44,0,44,"77,603",9,"8,019",9,"25,728",0,0,0,37,"138,102",0,"7,555",31,0,0,0,24,0,22,0,0,0,0,0,0,0,0,0,0,0,0,0
VT,50,Congressional District (at Large),"=""5000 """,27,0,27,"52,582",4,"2,964",9,"12,386",0,0,0,24,"73,461",0,"2,382",0,0,0,0,0,0,0,0,0,0,0,0,0,0,0,0,0,0,0,0
VT,50,Congressional District (at Large),"=""5000 """,302,0,302,"608,740",76,"50,747",144,"166,075",27,0,34,272,"1,054,096",30,"20,494",217,0,102,129,171,0,161,117,0,107,42,59,46,36,37,24,32,0,0,0
VT,50,Congressional District (at Large),"=""5000 """,195,0,195,"332,706",57,"46,616",84,"99,724",0,0,0,178,"626,924",0,"10,714",151,0,60,110,78,0,96,77,0,60,37,31,34,0,0,23,21,0,0,0
VT,50,Congressional District (at Large),"=""5000 """,38,0,38,"69,263",9,"8,022",9,"20,709",0,0,0,34,"133,988",0,"1,782",27,0,0,0,0,0,0,0,0,0,0,0,0,0,0,0,0,0,0,0
VT,50,Congressional District (at Large),"=""5000 """,232,0,232,"513,057",61,"42,794",124,"152,276",0,0,0,213,"910,695",0,"18,076",182,0,95,136,92,0,99,110,0,51,25,40,50,29,23,27,21,0,0,0
VT,50,Congressional District (at Large),"=""5000 """,174,0,174,"327,078",61,"48,144",85,"105,169",0,0,0,158,"607,790",0,"7,486",124,0,53,94,76,0,96,68,0,60,22,26,27,23,0,0,0,0,0,0
VT,50,Congressional District (at Large),"=""5000 ""","1,308",0,"1,308","2,447,747",335,"247,343",596,"671,733",94,57,126,"1,227","4,285,997",80,"47,867","1,030",0,446,747,452,109,621,539,0,309,188,247,271,138,111,126,89,80,57,0
VT,50,Congressional District (at Large),"=""5000 """,53,0,53,"69,500",8,"5,264",9,"16,466",0,0,0,48,"113,598",0,"4,446",41,0,0,28,0,0,26,0,0,0,0,0,0,0,0,0,0,0,0,0
VT,50,Congressional District (at Large),"=""5000 """,35,0,35,"52,984",6,"3,973",9,"11,896",0,0,0,28,"85,746",0,"4,034",23,0,0,0,0,0,0,0,0,0,0,0,0,0,0,0,0,0,0,0
VT,50,Congressional District (at Large),"=""5000 """,36,0,36,"63,070",9,"9,819",9,"19,702",0,0,0,30,"111,283",0,"2,446",26,0,0,0,0,0,26,0,0,21,0,0,0,0,0,0,0,0,0,0
VT,50,Congressional District (at Large),"=""5000 """,23,0,23,"53,546",5,"3,557",7,"8,851",0,0,0,22,"79,607",0,"2,023",0,0,0,0,0,0,0,0,0,0,0,0,0,0,0,0,0,0,0,0
VT,50,Congressional District (at Large),"=""5000 """,43,0,43,"70,553",9,"7,558",9,"18,047",0,0,0,38,"101,695",0,"6,388",23,0,0,24,0,0,26,0,0,22,0,0,0,0,0,0,0,0,0,0
VT,50,Congressional District (at Large),"=""5000 """,59,0,59,"121,733",9,"18,076",31,"34,899",0,0,0,55,"213,227",0,"2,698",41,0,0,26,30,0,38,0,0,27,0,0,0,0,0,0,0,0,0,0
VT,50,Congressional District (at Large),"=""5000 """,25,0,25,"55,247",7,"4,582",9,"20,711",0,0,0,21,"95,016",0,"1,897",0,0,0,0,0,0,0,0,0,0,0,0,0,0,0,0,0,0,0,0
VT,50,Congressional District (at Large),"=""5000 """,115,0,115,"207,591",31,"28,245",45,"59,684",0,0,0,103,"356,942",0,"10,178",78,0,33,45,65,0,65,40,0,49,0,25,0,0,0,0,0,0,0,0
VT,50,Congressional District (at Large),"=""5000 """,323,0,323,"569,133",73,"58,779",124,"147,834",0,0,28,282,"964,898",40,"28,003",229,0,94,187,126,0,179,107,0,125,42,68,74,29,0,29,24,0,0,0
VT,50,Congressional District (at Large),"=""5000 """,58,0,58,"109,093",9,"6,663",26,"34,239",0,0,0,52,"187,231",0,"4,919",43,0,0,31,25,0,34,0,0,0,0,0,0,0,0,0,0,0,0,0
VT,50,Congressional District (at Large),"=""5000 """,26,0,26,"39,293",7,"4,998",9,"10,902",0,0,0,23,"75,854",0,"2,598",0,0,0,0,0,0,0,0,0,0,0,0,0,0,0,0,0,0,0,0
VT,50,Congressional District (at Large),"=""5000 """,46,0,46,"85,647",9,"8,570",21,"21,167",0,0,0,41,"143,363",0,"5,495",32,0,0,0,29,0,25,0,0,0,0,0,0,0,0,0,0,0,0,0
VT,50,Congressional District (at Large),"=""5000 """,86,0,86,"164,789",9,"19,504",37,"44,822",0,0,0,73,"254,084",0,"14,719",56,0,23,48,37,0,45,30,0,32,0,0,0,0,0,0,0,0,0,0
VT,50,Congressional District (at Large),"=""5000 """,141,0,141,"302,009",43,"32,127",82,"107,009",0,0,0,134,"575,725",0,"7,240",125,0,52,84,54,0,67,62,0,35,0,25,25,0,0,0,0,0,0,0
VT,50,Congressional District (at Large),"=""5000 """,34,0,34,"46,073",9,"13,936",8,"9,745",0,0,0,30,"88,138",0,"5,659",0,0,0,0,0,0,21,0,0,0,0,0,0,0,0,0,0,0,0,0
VT,50,Congressional District (at Large),"=""5000 """,89,0,89,"128,432",9,"13,892",31,"28,812",0,0,0,84,"224,350",0,"4,193",61,0,24,51,37,0,47,27,0,27,0,27,22,0,0,0,0,0,0,0
VT,50,Congressional District (at Large),"=""5000 """,38,0,38,"68,516",6,"4,117",9,"18,903",0,0,0,34,"102,121",0,"2,206",26,0,0,0,0,0,28,0,0,21,0,0,0,0,0,0,0,0,0,0
VT,50,Congressional District (at Large),"=""5000 """,38,0,38,"87,739",9,"6,944",9,"21,134",0,0,0,35,"115,320",0,"2,172",28,0,0,0,0,0,25,0,0,0,0,0,0,0,0,0,0,0,0,0
VT,50,Congressional District (at Large),"=""5000 """,37,0,37,"63,125",9,"11,072",9,"20,350",0,0,0,31,"122,727",0,"6,283",22,0,0,0,21,0,29,0,0,21,0,0,0,0,0,0,0,0,0,0
VT,50,Congressional District (at Large),"=""5000 """,55,0,55,"102,035",9,"11,759",9,"33,174",0,0,0,54,"198,504",0,778,43,0,23,31,23,0,32,0,0,0,0,0,0,0,0,0,0,0,0,0
VT,50,Congressional District (at Large),"=""5000 """,0,0,0,"14,477",0,865,0,"3,135",0,0,0,0,"21,717",0,"1,516",0,0,0,0,0,0,0,0,0,0,0,0,0,0,0,0,0,0,0,0
VT,50,Congressional District (at Large),"=""5000 """,196,0,196,"359,706",44,"38,314",86,"99,990",0,0,0,173,"568,760",23,"19,356",138,0,58,123,72,0,93,72,0,64,25,42,50,0,0,0,0,0,0,0
VT,50,Congressional District (at Large),"=""5000 ""","1,710",57,"1,710","2,863,148",316,"234,468",680,"848,362",63,70,167,"1,610","4,988,534",98,"84,359","1,185",0,417,821,650,239,906,560,0,331,305,390,400,134,119,129,91,74,66,0
VT,50,Congressional District (at Large),"=""5000 """,80,0,80,"78,567",8,"5,764",9,"18,315",0,0,0,73,"152,572",0,"1,883",50,0,0,40,22,0,44,24,0,0,23,23,0,0,0,0,0,0,0,0
VT,50,Congressional District (at Large),"=""5000 """,824,0,824,"1,405,413",215,"164,682",350,"406,719",63,45,100,770,"2,621,508",54,"47,685",602,0,195,451,312,61,443,285,0,199,119,154,172,72,65,84,56,61,38,0
VT,50,Congressional District (at Large),"=""5000 """,757,36,757,"1,665,244",167,"115,353",394,"475,341",29,37,53,734,"2,840,163",23,"16,446",538,0,204,321,362,74,372,300,0,117,110,135,165,95,68,70,52,41,0,0
VT,50,Congressional District (at Large),"=""5000 """,0,0,0,"13,934",0,"1,438",0,"5,039",0,0,0,0,"25,504",0,"4,338",0,0,0,0,0,0,0,0,0,0,0,0,0,0,0,0,0,0,0,0
VT,50,Congressional District (at Large),"=""5000 """,700,0,700,"1,415,896",173,"137,340",341,"424,598",42,28,65,667,"2,559,749",33,"27,146",518,0,185,380,240,80,358,279,0,141,94,124,137,67,63,63,71,35,44,0
VT,50,Congressional District (at Large),"=""5000 """,181,0,181,"384,273",52,"39,894",106,"112,199",0,0,0,175,"703,203",0,"7,456",150,0,80,92,84,0,62,98,0,33,0,31,34,0,21,0,0,0,0,0
VT,50,Congressional District (at Large),"=""5000 """,45,0,45,"83,908",9,"11,876",23,"26,606",0,0,0,43,"153,573",0,"1,472",35,0,0,22,23,0,23,0,0,0,0,0,0,0,0,0,0,0,0,0
VT,50,Congressional District (at Large),"=""5000 """,29,0,29,"67,896",5,"3,092",9,"13,436",0,0,0,27,"99,993",0,"1,821",23,0,0,22,0,0,0,0,0,0,0,0,0,0,0,0,0,0,0,0
VT,50,Congressional District (at Large),"=""5000 """,415,0,415,"820,885",117,"89,900",202,"240,718",0,0,39,377,"1,430,751",38,"35,830",301,0,118,235,160,0,215,153,0,131,55,66,77,49,35,40,40,34,0,0
VT,50,Congressional District (at Large),"=""5000 """,125,0,125,"216,554",38,"35,729",57,"73,968",0,0,0,117,"442,361",0,"4,258",94,0,32,67,53,0,68,43,0,43,0,0,33,0,0,0,0,0,0,0
VT,50,Congressional District (at Large),"=""5000 """,127,0,127,"195,108",34,"29,304",46,"52,815",0,0,22,112,"350,447",0,"10,915",91,0,27,76,47,0,78,37,0,53,0,24,27,0,0,0,0,0,0,0
VT,50,Congressional District (at Large),"=""5000 """,851,0,851,"1,552,385",273,"209,555",412,"461,088",105,53,91,812,"2,958,965",39,"40,231",677,0,282,514,287,50,363,398,0,167,109,133,146,92,88,97,81,64,37,0
VT,50,Congressional District (at Large),"=""5000 """,27,0,27,"54,268",3,"2,018",9,"17,219",0,0,0,25,"99,488",0,"1,781",23,0,0,0,0,0,0,0,0,0,0,0,0,0,0,0,0,0,0,0
VT,50,Congressional District (at Large),"=""5000 """,85,0,85,"175,000",28,"21,335",44,"63,204",0,0,0,75,"320,113",0,"11,532",59,0,0,44,39,0,45,34,0,32,0,0,0,0,0,0,0,0,0,0
VT,50,Congressional District (at Large),"=""5000 """,448,0,448,"941,178",149,"125,913",243,"297,977",33,0,26,416,"1,793,516",32,"32,610",350,0,151,195,244,0,185,221,0,115,44,72,81,53,49,41,39,39,29,0
VT,50,Congressional District (at Large),"=""5000 """,21,0,21,"40,161",5,"3,374",9,"12,626",0,0,0,9,"76,261",0,564,0,0,0,0,0,0,0,0,0,0,0,0,0,0,0,0,0,0,0,0
VT,50,Congressional District (at Large),"=""5000 """,873,0,873,"1,559,278",272,"219,260",404,"457,430",88,55,99,834,"3,016,748",39,"43,803",684,0,257,503,312,58,399,398,0,172,103,129,173,83,81,93,101,59,46,0
VT,50,Congressional District (at Large),"=""5000 """,27,0,27,"37,936",6,"3,837",8,"9,163",0,0,0,25,"75,929",0,989,0,0,0,0,0,0,0,0,0,0,0,0,0,0,0,0,0,0,0,0
VT,50,Congressional District (at Large),"=""5000 """,237,0,237,"479,438",81,"63,505",123,"142,433",27,0,28,216,"917,519",21,"20,422",183,0,74,144,91,0,115,105,0,69,0,44,41,21,27,26,28,25,0,0
VT,50,Congressional District (at Large),"=""5000 """,65,0,65,"116,104",9,"11,655",25,"36,924",0,0,0,56,"226,976",0,"4,537",45,0,0,30,33,0,37,0,0,23,0,0,0,0,0,0,0,0,0,0
VT,50,Congressional District (at Large),"=""5000 """,73,0,73,"130,794",9,"9,551",32,"45,440",0,0,0,67,"241,943",0,"4,896",57,0,21,42,30,0,33,27,0,0,0,0,21,0,0,0,0,0,0,0
VT,50,Congressional District (at Large),"=""5000 """,102,0,102,"194,149",28,"22,034",44,"58,952",0,0,0,84,"317,287",0,"14,158",69,0,25,60,42,0,61,36,0,48,0,0,26,0,0,0,0,0,0,0
VT,50,Congressional District (at Large),"=""5000 """,136,0,136,"247,745",43,"38,835",65,"70,965",0,0,0,129,"498,864",0,"7,753",112,0,46,91,42,0,57,63,0,29,0,23,26,0,0,0,0,0,0,0
VT,50,Congressional District (at Large),"=""5000 """,157,0,157,"346,320",59,"44,521",95,"104,019",0,0,0,151,"661,673",0,"3,059",128,0,56,71,84,0,61,83,0,37,0,27,21,0,0,0,0,0,0,0
VT,50,Congressional District (at Large),"=""5000 """,250,0,250,"451,061",76,"64,289",108,"123,674",0,0,27,229,"841,687",21,"21,900",181,0,63,146,99,0,115,107,0,74,37,33,56,25,21,22,0,0,0,0
VT,50,Congressional District (at Large),"=""5000 """,105,0,105,"161,276",31,"25,849",41,"51,890",0,0,0,93,"341,998",0,"9,200",73,0,28,65,38,0,63,32,0,35,0,0,24,0,0,0,0,0,0,0
VT,50,Congressional District (at Large),"=""5000 """,38,0,38,"69,444",6,"4,267",9,"23,251",0,0,0,35,"145,449",0,"1,922",26,0,0,21,0,0,21,0,0,0,0,0,0,0,0,0,0,0,0,0
VT,50,Congressional District (at Large),"=""5000 """,207,0,207,"370,637",71,"55,571",97,"126,220",27,0,33,194,"733,723",0,"9,596",159,0,66,136,67,0,100,84,0,59,26,22,45,0,0,25,23,0,0,0
VT,50,Congressional District (at Large),"=""5000 """,200,0,200,"347,820",56,"49,844",83,"90,143",0,0,28,184,"626,481",0,"19,587",154,0,52,125,69,0,98,81,0,60,22,29,55,0,0,0,0,0,0,0
VT,50,Congressional District (at Large),"=""5000 """,822,0,822,"1,601,647",253,"204,376",415,"494,593",71,39,62,774,"3,098,570",48,"48,287",652,0,243,477,310,35,362,373,0,190,92,123,145,99,79,83,80,59,55,0
VT,50,Congressional District (at Large),"=""5000 """,0,0,0,"37,354",0,"1,196",0,"9,398",0,0,0,0,"50,863",0,22,0,0,0,0,0,0,0,0,0,0,0,0,0,0,0,0,0,0,0,0
VT,50,Congressional District (at Large),"=""5000 """,78,0,78,"158,722",9,"8,780",37,"56,981",0,0,0,65,"238,904",0,"8,091",51,0,0,34,42,0,43,27,0,30,0,0,0,0,0,0,0,0,0,0
VT,50,Congressional District (at Large),"=""5000 """,112,0,112,"178,253",32,"26,427",43,"61,903",0,0,0,97,"347,778",0,"15,843",80,0,27,46,62,0,63,39,0,38,0,0,0,0,0,0,0,0,0,0
VT,50,Congressional District (at Large),"=""5000 """,66,0,66,"103,164",9,"10,695",26,"29,515",0,0,0,54,"205,836",0,"11,227",42,0,0,36,27,0,37,23,0,31,0,0,0,0,0,0,0,0,0,0
VT,50,Congressional District (at Large),"=""5000 """,43,0,43,"79,636",9,"10,591",9,"23,145",0,0,0,38,"152,574",0,"3,447",31,0,0,25,0,0,22,0,0,0,0,0,0,0,0,0,0,0,0,0
VT,50,Congressional District (at Large),"=""5000 """,308,0,308,"726,267",78,"64,247",173,"214,409",0,0,0,300,"1,252,762",0,"6,214",255,0,122,157,147,0,99,174,0,53,29,51,71,38,24,25,29,21,0,0
VT,50,Congressional District (at Large),"=""5000 """,182,0,182,"295,510",52,"40,417",78,"96,075",0,0,23,166,"537,892",0,"12,587",130,0,57,93,82,0,83,74,0,45,26,45,24,0,0,0,0,0,0,0
VT,50,Congressional District (at Large),"=""5000 ""","1,166",0,"1,166","2,402,137",336,"268,754",626,"757,324",62,53,91,"1,119","4,372,011",47,"41,969",952,0,440,593,523,50,441,580,0,242,154,190,223,147,97,108,84,83,76,0
VT,50,Congressional District (at Large),"=""5000 """,22,0,22,"44,926",7,"4,961",7,"8,363",0,0,0,9,"75,354",0,"4,547",0,0,0,0,0,0,0,0,0,0,0,0,0,0,0,0,0,0,0,0
VT,50,Congressional District (at Large),"=""5000 """,266,0,266,"447,455",51,"46,717",102,"132,616",25,0,36,243,"805,036",23,"35,489",196,0,67,149,106,0,129,105,0,69,34,49,66,0,0,25,32,0,0,0
VT,50,Congressional District (at Large),"=""5000 """,111,0,111,"232,072",40,"30,566",62,"77,606",0,0,0,105,"462,436",0,"4,960",84,0,38,53,57,0,52,51,0,31,0,0,0,0,0,0,0,0,0,0
VT,50,Congressional District (at Large),"=""5000 """,27,0,27,"64,993",8,"5,465",9,"26,110",0,0,0,26,"107,061",0,229,25,0,0,0,0,0,0,0,0,0,0,0,0,0,0,0,0,0,0,0
VT,50,Congressional District (at Large),"=""5000 """,81,0,81,"134,671",9,"16,071",33,"45,797",0,0,0,70,"232,379",0,"12,733",56,0,0,46,32,0,43,33,0,29,0,0,0,0,0,0,0,0,0,0
VT,50,Congressional District (at Large),"=""5000 """,131,0,131,"243,862",37,"33,730",64,"83,420",0,0,0,121,"474,181",0,"13,390",100,0,42,86,40,0,52,58,0,32,0,32,25,0,0,0,0,0,0,0
VT,50,Congressional District (at Large),"=""5000 """,588,0,588,"1,235,003",180,"138,012",308,"379,248",28,21,29,562,"2,301,576",26,"25,914",479,0,217,295,282,0,221,299,0,123,64,113,100,76,57,59,44,37,38,0
VT,50,Congressional District (at Large),"=""5000 """,95,0,95,"147,624",26,"20,990",41,"46,757",0,0,0,86,"283,370",0,"4,742",68,0,21,53,39,0,53,30,0,33,0,0,0,0,0,0,0,0,0,0
VT,50,Congressional District (at Large),"=""5000 """,344,0,344,"604,230",102,"82,107",159,"187,618",26,0,33,314,"1,113,121",30,"23,829",256,0,84,194,129,21,181,125,0,89,43,62,72,28,34,31,27,27,0,0
VT,50,Congressional District (at Large),"=""5000 """,53,0,53,"110,117",9,"10,377",29,"40,370",0,0,0,46,"205,896",0,"3,766",40,0,0,24,27,0,29,22,0,0,0,0,0,0,0,0,0,0,0,0
VT,50,Congressional District (at Large),"=""5000 """,60,0,60,"96,804",9,"15,380",9,"26,520",0,0,0,53,"165,791",0,"6,619",44,0,0,32,26,0,29,23,0,0,0,0,0,0,0,0,0,0,0,0
VT,50,Congressional District (at Large),"=""5000 """,358,0,358,"544,053",81,"65,265",135,"188,639",24,0,39,340,"1,092,895",0,"16,560",282,0,101,199,141,0,164,143,0,75,59,76,69,29,23,25,27,21,29,0
VT,50,Congressional District (at Large),"=""5000 """,48,0,48,"65,909",9,"7,134",9,"17,936",0,0,0,41,"110,872",0,"3,601",30,0,0,31,0,0,30,0,0,0,0,0,0,0,0,0,0,0,0,0
VT,50,Congressional District (at Large),"=""5000 """,730,0,730,"1,128,602",194,"164,691",273,"306,740",47,26,73,670,"2,077,395",60,"54,320",523,0,187,424,244,62,381,269,0,205,127,137,145,54,67,62,52,46,38,0
VT,50,Congressional District (at Large),"=""5000 ""","1,188",0,"1,188","2,352,079",363,"288,797",620,"689,407",93,39,74,"1,136","4,372,820",52,"33,693",953,0,443,678,419,91,485,575,0,201,180,197,203,127,127,110,103,81,58,0
VT,50,Congressional District (at Large),"=""5000 """,97,0,97,"242,663",9,"15,656",56,"82,072",0,0,0,85,"349,992",0,"4,804",72,0,0,44,52,0,67,29,0,54,0,0,0,0,0,0,0,0,0,0
VT,50,Congressional District (at Large),"=""5000 """,22,0,22,"31,861",3,"1,553",7,"8,070",0,0,0,9,"49,675",0,"3,476",0,0,0,0,0,0,0,0,0,0,0,0,0,0,0,0,0,0,0,0
VT,50,Congressional District (at Large),"=""5000 """,87,0,87,"156,367",32,"25,224",45,"55,418",0,0,0,84,"332,090",0,"1,412",68,0,34,45,36,0,41,41,0,0,0,0,0,0,0,0,0,0,0,0
VT,50,Congressional District (at Large),"=""5000 """,81,0,81,"115,207",23,"20,597",28,"29,375",0,0,0,66,"188,138",0,"5,278",50,0,0,44,32,0,50,24,0,34,0,0,0,0,0,0,0,0,0,0
VT,50,Congressional District (at Large),"=""5000 """,92,0,92,"133,646",25,"20,645",35,"39,533",0,0,0,81,"256,630",0,"8,745",65,0,0,46,42,0,49,33,0,32,0,0,21,0,0,0,0,0,0,0
VT,50,Congressional District (at Large),"=""5000 """,94,0,94,"212,463",30,"21,110",48,"64,548",0,0,0,90,"385,809",0,"2,734",78,0,30,48,44,0,40,45,0,22,0,0,0,0,0,0,0,0,0,0
VT,50,Congressional District (at Large),"=""5000 """,41,0,41,"82,868",9,"9,493",21,"24,183",0,0,0,37,"138,553",0,"2,553",35,0,0,27,0,0,0,0,0,0,0,0,0,0,0,0,0,0,0,0
VT,50,Congressional District (at Large),"=""5000 """,99,0,99,"224,298",33,"23,372",62,"82,719",0,0,0,98,"442,921",0,220,89,0,31,62,33,0,40,54,0,0,0,0,0,0,0,0,0,0,0,0
VT,50,Congressional District (at Large),"=""5000 """,209,0,209,"435,584",65,"52,569",115,"144,376",0,0,0,188,"798,359",21,"18,027",162,0,59,116,88,0,104,90,0,73,26,32,36,27,28,0,0,0,0,0
VT,50,Congressional District (at Large),"=""5000 """,342,0,342,"714,235",97,"81,016",185,"194,455",26,0,24,325,"1,296,292",0,"13,528",276,0,118,192,136,0,136,172,0,80,47,62,58,29,39,38,30,0,0,0
VT,50,Congressional District (at Large),"=""5000 """,135,0,135,"273,799",29,"22,268",74,"119,360",0,0,0,116,"406,188",0,"21,885",86,0,32,92,36,0,87,37,0,63,0,30,23,0,0,0,0,0,0,0
VT,50,Congressional District (at Large),"=""5000 """,73,0,73,"92,977",9,"18,072",21,"24,826",0,0,0,67,"180,820",0,"2,677",57,0,22,50,22,0,42,22,0,30,0,0,21,0,0,0,0,0,0,0
VT,50,Congressional District (at Large),"=""5000 """,460,0,460,"899,571",133,"103,335",232,"293,329",32,0,46,433,"1,664,853",26,"20,966",374,0,138,256,179,25,191,219,0,112,71,72,85,52,40,55,41,22,21,0
VT,50,Congressional District (at Large),"=""5000 """,290,0,290,"569,451",88,"64,985",149,"178,234",0,0,33,279,"1,112,125",0,"4,295",240,0,114,185,89,0,118,140,0,55,44,46,46,29,37,25,31,0,0,0
VT,50,Congressional District (at Large),"=""5000 """,34,0,34,"61,377",9,"8,352",9,"15,909",0,0,0,34,"119,787",0,0,26,0,0,0,0,0,0,0,0,0,0,0,0,0,0,0,0,0,0,0
VT,50,Congressional District (at Large),"=""5000 """,202,0,202,"351,861",67,"55,042",98,"108,077",0,0,27,185,"633,667",0,"13,830",143,0,45,116,77,0,120,68,0,72,25,30,41,0,25,0,0,0,0,0
VT,50,Congressional District (at Large),"=""5000 """,48,0,48,"93,872",9,"12,692",25,"28,101",0,0,0,43,"163,197",0,"3,601",37,0,0,27,0,0,29,0,0,0,0,0,0,0,0,0,0,0,0,0
VT,50,Congressional District (at Large),"=""5000 """,40,0,40,"85,340",9,"8,209",9,"18,125",0,0,0,39,"134,985",0,"1,763",31,0,0,0,0,0,0,0,0,0,0,0,0,0,0,0,0,0,0,0
VT,50,Congressional District (at Large),"=""5000 """,275,0,275,"384,529",53,"41,852",90,"106,176",24,0,24,254,"734,091",21,"15,715",211,0,83,156,110,0,141,89,0,67,38,65,65,23,0,21,0,0,0,0
VT,50,Congressional District (at Large),"=""5000 """,144,0,144,"213,908",38,"33,323",58,"64,568",0,0,0,123,"388,214",21,"16,970",100,0,48,78,60,0,83,46,0,60,29,0,28,0,0,0,0,0,0,0
VT,50,Congressional District (at Large),"=""5000 """,113,0,113,"219,014",23,"17,954",52,"60,218",0,0,0,102,"341,890",0,"10,260",82,0,29,75,36,0,74,31,0,50,0,27,27,0,0,0,0,0,0,0
VT,50,Congressional District (at Large),"=""5000 """,80,0,80,"145,737",9,"14,005",37,"46,707",0,0,0,74,"284,671",0,"3,296",58,0,24,49,24,0,43,26,0,30,0,0,0,0,0,0,0,0,0,0
VT,50,Congressional District (at Large),"=""5000 """,262,0,262,"477,548",83,"72,066",125,"138,463",21,0,28,246,"897,118",0,"13,618",212,0,98,150,110,0,126,115,0,75,28,40,55,23,21,29,28,0,0,0
VT,50,Congressional District (at Large),"=""5000 """,102,0,102,"139,394",25,"21,201",34,"40,799",0,0,0,94,"309,306",0,"4,282",82,0,31,59,39,0,49,41,0,25,0,28,0,0,0,0,0,0,0,0
VT,50,Congressional District (at Large),"=""5000 """,22,0,22,"23,395",9,"7,762",5,"6,238",0,0,0,21,"65,558",0,"2,101",21,0,0,0,0,0,0,0,0,0,0,0,0,0,0,0,0,0,0,0
VT,50,Congressional District (at Large),"=""5000 """,263,0,263,"512,959",99,"76,458",130,"166,829",0,0,0,250,"1,008,674",0,"13,984",201,0,96,147,102,0,119,115,0,64,32,33,45,28,30,27,25,21,0,0
VT,50,Congressional District (at Large),"=""5000 """,214,0,214,"458,315",63,"47,724",108,"145,291",0,0,0,185,"737,395",29,"39,252",152,0,55,110,101,0,124,79,0,88,22,36,42,21,28,0,21,0,0,0
VT,50,Congressional District (at Large),"=""5000 """,25,0,25,"34,401",9,"6,890",8,"9,643",0,0,0,23,"72,801",0,"2,669",0,0,0,0,0,0,0,0,0,0,0,0,0,0,0,0,0,0,0,0
VT,50,Congressional District (at Large),"=""5000 """,80,0,80,"140,525",24,"22,002",42,"59,828",0,0,0,69,"236,030",0,"11,247",56,0,0,38,42,0,52,23,0,41,0,0,0,0,0,0,0,0,0,0
VT,50,Congressional District (at Large),"=""5000 ""","1,705",28,"1,705","3,230,294",387,"279,549",793,"905,087",61,53,138,"1,629","5,759,207",75,"70,475","1,339",0,627,906,730,69,835,639,0,310,270,334,392,173,165,120,101,89,61,0
VT,50,Congressional District (at Large),"=""5000 """,89,0,89,"173,947",9,"11,252",41,"41,733",0,0,0,83,"292,476",0,"1,738",66,0,30,43,40,0,49,33,0,21,0,0,0,0,0,0,0,0,0,0
VT,50,Congressional District (at Large),"=""5000 """,26,0,26,"54,702",8,"5,247",9,"20,168",0,0,0,9,"82,304",0,"9,459",0,0,0,0,0,0,0,0,0,0,0,0,0,0,0,0,0,0,0,0
VT,50,Congressional District (at Large),"=""5000 """,70,0,70,"158,673",9,"12,393",37,"48,313",0,0,0,65,"252,116",0,"3,921",59,0,22,38,31,0,40,24,0,22,0,0,0,0,0,0,0,0,0,0
VT,50,Congressional District (at Large),"=""5000 """,450,0,450,"861,117",118,"96,528",213,"270,932",0,0,40,425,"1,575,029",25,"20,198",333,0,140,227,212,0,244,164,0,110,67,83,87,44,40,36,38,23,30,0
VT,50,Congressional District (at Large),"=""5000 """,79,0,79,"167,006",28,"22,236",39,"51,720",0,0,0,75,"301,875",0,"3,227",55,0,23,30,43,0,49,25,0,22,0,0,0,0,0,0,0,0,0,0
VT,50,Congressional District (at Large),"=""5000 """,194,0,194,"341,898",60,"48,684",92,"104,614",0,0,0,185,"697,338",0,"7,072",150,0,67,95,94,0,95,85,0,49,23,39,33,0,0,0,0,0,0,0
VT,50,Congressional District (at Large),"=""5000 """,32,0,32,"55,005",9,"8,891",9,"18,223",0,0,0,30,"113,117",0,833,28,0,0,0,0,0,0,0,0,0,0,0,0,0,0,0,0,0,0,0
VT,50,Congressional District (at Large),"=""5000 """,41,0,41,"82,920",9,"10,573",22,"35,456",0,0,0,40,"173,584",0,151,23,0,0,0,25,0,26,0,0,0,0,0,0,0,0,0,0,0,0,0
VT,50,Congressional District (at Large),"=""5000 """,66,0,66,"99,710",9,"13,121",30,"27,624",0,0,0,58,"168,184",0,"8,233",45,0,0,32,33,0,44,0,0,31,0,0,0,0,0,0,0,0,0,0
VT,50,Congressional District (at Large),"=""5000 """,117,0,117,"223,073",35,"29,356",53,"67,707",0,0,0,112,"408,044",0,"5,713",83,0,25,60,56,0,68,38,0,36,0,21,24,0,0,0,0,0,0,0
VT,50,Congressional District (at Large),"=""5000 """,63,0,63,"115,169",9,"12,515",22,"23,307",0,0,0,54,"200,745",0,"3,581",42,0,0,28,34,0,28,24,0,0,0,0,0,0,0,0,0,0,0,0
VT,50,Congressional District (at Large),"=""5000 """,35,0,35,"51,644",9,"8,088",9,"11,045",0,0,0,34,"99,939",0,832,0,0,0,23,0,0,0,0,0,0,0,0,0,0,0,0,0,0,0,0
VT,50,Congressional District (at Large),"=""5000 """,411,0,411,"801,061",112,"87,339",202,"231,203",0,0,37,390,"1,471,425",21,"15,283",321,0,149,196,209,0,205,176,0,102,63,74,72,44,40,28,37,32,0,0
VT,50,Congressional District (at Large),"=""5000 """,35,0,35,"65,691",9,"7,995",9,"21,005",0,0,0,33,"129,591",0,"2,355",31,0,0,0,0,0,0,0,0,0,0,0,0,0,0,0,0,0,0,0
VT,50,Congressional District (at Large),"=""5000 """,37,0,37,"70,949",9,"7,235",9,"19,727",0,0,0,34,"112,368",0,"3,917",26,0,0,0,0,0,21,0,0,0,0,0,0,0,0,0,0,0,0,0
VT,50,Congressional District (at Large),"=""5000 """,36,0,36,"65,056",9,"6,171",9,"18,955",0,0,0,32,"117,517",0,"4,144",29,0,0,22,0,0,0,0,0,0,0,0,0,0,0,0,0,0,0,0
VT,50,Congressional District (at Large),"=""5000 """,89,0,89,"134,186",9,"8,515",32,"37,536",0,0,0,82,"239,007",0,"2,922",66,0,0,51,35,0,50,26,0,28,0,22,22,0,0,0,0,0,0,0
VT,50,Congressional District (at Large),"=""5000 """,491,0,491,"846,479",140,"107,289",201,"241,467",0,26,48,465,"1,536,042",26,"19,855",362,0,112,249,200,42,259,182,0,109,81,89,76,47,42,34,53,41,27,0
VT,50,Congressional District (at Large),"=""5000 """,60,0,60,"107,142",9,"9,287",27,"30,801",0,0,0,54,"176,957",0,"5,048",41,0,0,29,29,0,33,22,0,24,0,0,0,0,0,0,0,0,0,0
VT,50,Congressional District (at Large),"=""5000 """,72,0,72,"175,977",24,"16,945",41,"48,344",0,0,0,69,"288,841",0,"4,995",57,0,24,47,24,0,32,30,0,0,0,0,0,0,0,0,0,0,0,0
VT,50,Congressional District (at Large),"=""5000 """,158,0,158,"291,725",38,"24,041",69,"81,705",0,0,0,148,"529,000",0,"6,232",113,0,44,68,84,0,90,51,0,42,0,37,34,0,0,0,0,0,0,0
VT,50,Congressional District (at Large),"=""5000 """,83,0,83,"145,539",29,"24,091",35,"39,044",0,0,0,73,"272,540",0,"7,748",57,0,0,33,48,0,51,25,0,35,0,0,0,0,0,0,0,0,0,0
VT,50,Congressional District (at Large),"=""5000 """,93,0,93,"178,645",23,"20,919",39,"49,678",0,0,0,84,"285,349",0,"5,460",67,0,26,32,61,0,51,30,0,43,0,0,0,0,0,0,0,0,0,0
VT,50,Congressional District (at Large),"=""5000 """,34,0,34,"53,352",9,"6,283",9,"10,963",0,0,0,27,"78,232",0,"3,555",21,0,0,0,0,0,25,0,0,0,0,0,0,0,0,0,0,0,0,0
VT,50,Congressional District (at Large),"=""5000 """,187,0,187,"370,930",56,"42,044",97,"119,574",0,0,0,173,"689,743",0,"11,341",142,0,60,94,89,0,109,62,0,50,32,35,29,0,0,0,0,0,0,0
VT,50,Congressional District (at Large),"=""5000 """,252,0,252,"487,685",80,"63,246",124,"140,543",0,0,0,241,"905,979",0,"6,595",204,0,78,144,106,0,124,113,0,54,30,47,38,35,24,24,0,25,0,0
VT,50,Congressional District (at Large),"=""5000 """,129,0,129,"263,760",36,"37,125",62,"83,755",0,0,0,123,"530,554",0,"6,143",113,0,51,74,53,0,64,50,0,26,0,24,0,0,0,0,0,0,0,0
VT,50,Congressional District (at Large),"=""5000 """,22,0,22,"33,655",5,"3,000",5,"5,736",0,0,0,22,"53,747",0,0,0,0,0,0,0,0,0,0,0,0,0,0,0,0,0,0,0,0,0,0
VT,50,Congressional District (at Large),"=""5000 """,81,0,81,"145,430",21,"13,558",37,"35,486",0,0,0,74,"245,121",0,"5,114",59,0,0,45,35,0,32,36,0,27,0,0,0,0,0,0,0,0,0,0
VT,50,Congressional District (at Large),"=""5000 """,66,0,66,"110,755",9,"13,685",34,"48,040",0,0,0,61,"220,510",0,"2,159",48,0,0,29,31,0,35,25,0,0,0,0,0,0,0,0,0,0,0,0
VT,50,Congressional District (at Large),"=""5000 """,62,0,62,"140,336",9,"11,895",37,"49,830",0,0,0,60,"249,726",0,543,54,0,25,0,45,0,36,22,0,0,0,0,0,0,0,0,0,0,0,0
VT,50,Congressional District (at Large),"=""5000 """,29,0,29,"58,819",3,"1,683",9,"13,355",0,0,0,25,"81,068",0,"2,005",0,0,0,0,0,0,0,0,0,0,0,0,0,0,0,0,0,0,0,0
VT,50,Congressional District (at Large),"=""5000 """,137,0,137,"266,794",33,"23,683",64,"88,594",0,0,0,122,"471,642",0,"10,252",96,0,36,61,69,0,85,37,0,45,0,24,31,0,0,0,0,0,0,0
VT,50,Congressional District (at Large),"=""5000 """,95,0,95,"206,939",33,"29,616",56,"58,746",0,0,0,89,"369,111",0,"3,397",70,0,32,31,64,0,52,38,0,31,0,0,21,0,0,0,0,0,0,0
VT,50,Congressional District (at Large),"=""5000 """,49,0,49,"97,666",9,"14,507",24,"25,053",0,0,0,47,"167,662",0,661,37,0,0,21,28,0,24,22,0,0,0,0,0,0,0,0,0,0,0,0
VT,50,Congressional District (at Large),"=""5000 """,268,0,268,"511,998",71,"53,963",124,"155,775",0,0,28,254,"971,491",0,"17,363",204,0,103,130,130,0,140,102,0,48,33,44,58,33,22,0,26,21,0,0
VT,50,Congressional District (at Large),"=""5000 """,69,0,69,"127,161",26,"21,974",34,"40,712",0,0,0,58,"243,399",0,"11,335",49,0,0,32,34,0,38,26,0,22,0,0,0,0,0,0,0,0,0,0
VT,50,Congressional District (at Large),"=""5000 """,756,0,756,"1,596,372",194,"146,012",395,"501,391",27,27,64,715,"2,844,351",41,"41,341",592,0,273,346,380,30,325,360,0,181,125,119,125,91,76,67,68,43,38,0
VT,50,Congressional District (at Large),"=""5000 """,41,0,41,"112,004",9,"8,309",26,"34,166",0,0,0,39,"191,848",0,"1,198",30,0,0,0,21,0,24,0,0,0,0,0,0,0,0,0,0,0,0,0
VT,50,Congressional District (at Large),"=""5000 """,109,0,109,"186,110",24,"19,011",49,"72,390",0,0,26,92,"309,752",0,"18,285",78,0,29,58,50,0,67,27,0,47,0,25,0,0,0,0,0,0,0,0
VT,50,Congressional District (at Large),"=""5000 """,209,0,209,"469,641",58,"40,788",120,"144,548",0,0,0,193,"833,013",0,"14,579",165,0,89,83,124,0,135,58,0,61,22,35,47,28,23,22,0,0,0,0
VT,50,Congressional District (at Large),"=""5000 """,111,0,111,"233,395",38,"26,156",60,"78,491",0,0,0,108,"438,876",0,"1,577",94,0,46,54,56,0,48,48,0,29,0,0,21,0,0,0,0,0,0,0
VT,50,Congressional District (at Large),"=""5000 """,59,0,59,"124,824",9,"13,707",37,"47,440",0,0,0,55,"211,447",0,"2,709",41,0,0,27,31,0,41,0,0,30,0,0,0,0,0,0,0,0,0,0
VT,50,Congressional District (at Large),"=""5000 """,51,0,51,"94,608",9,"6,716",9,"21,340",0,0,0,48,"163,800",0,"1,613",37,0,0,25,21,0,34,0,0,0,0,0,0,0,0,0,0,0,0,0
VT,50,Congressional District (at Large),"=""5000 """,123,0,123,"266,064",37,"30,694",65,"86,470",0,0,0,108,"455,123",0,"13,694",90,0,25,59,63,0,70,43,0,53,0,22,25,0,0,0,0,0,0,0
VT,50,Congressional District (at Large),"=""5000 """,220,0,220,"473,800",57,"42,187",114,"135,413",0,0,27,203,"840,808",0,"12,645",169,0,87,91,125,0,139,66,0,57,24,42,39,29,28,25,0,0,0,0
VT,50,Congressional District (at Large),"=""5000 """,158,0,158,"379,194",56,"35,406",95,"118,714",0,0,0,151,"680,028",0,"8,472",136,0,60,67,84,0,100,53,0,33,0,28,24,0,28,22,0,0,0,0
VT,50,Congressional District (at Large),"=""5000 """,52,0,52,"78,008",9,"9,622",21,"26,902",0,0,0,44,"140,426",0,"8,181",31,0,0,27,25,0,30,0,0,24,0,0,0,0,0,0,0,0,0,0
VT,50,Congressional District (at Large),"=""5000 """,25,0,25,"49,116",5,"3,400",9,"17,007",0,0,0,24,"79,449",0,508,0,0,0,0,0,0,0,0,0,0,0,0,0,0,0,0,0,0,0,0
VT,50,Congressional District (at Large),"=""5000 """,98,0,98,"263,452",26,"16,890",61,"96,448",0,0,0,93,"400,152",0,"2,588",69,0,21,47,50,0,59,37,0,45,0,0,0,0,0,0,0,0,0,0
VT,50,Congressional District (at Large),"=""5000 """,41,0,41,"60,120",9,"10,185",9,"20,320",0,0,0,37,"124,300",0,"3,675",24,0,0,22,0,0,24,0,0,0,0,0,0,0,0,0,0,0,0,0
VT,50,Congressional District (at Large),"=""5000 """,84,0,84,"173,279",9,"18,727",44,"54,921",0,0,0,79,"280,642",0,"1,900",61,0,30,41,43,0,50,21,0,32,0,0,0,0,0,0,0,0,0,0
VT,50,Congressional District (at Large),"=""5000 """,66,0,66,"148,944",9,"15,046",33,"53,384",0,0,0,59,"245,435",0,"5,861",47,0,0,25,38,0,45,0,0,30,0,0,0,0,0,0,0,0,0,0
VT,50,Congressional District (at Large),"=""5000 """,256,0,256,"590,092",58,"51,033",136,"183,138",0,0,0,237,"974,832",0,"11,188",197,0,78,124,127,0,139,95,0,92,35,44,49,33,26,23,0,0,0,0
VT,50,Congressional District (at Large),"=""5000 """,124,0,124,"295,266",32,"22,493",71,"83,612",0,0,0,111,"503,759",0,"11,256",89,0,30,39,84,0,87,34,0,56,0,0,25,0,0,0,0,0,0,0
VT,50,Congressional District (at Large),"=""5000 """,133,0,133,"273,318",31,"26,567",63,"70,377",0,0,0,121,"472,080",0,"8,344",108,0,50,63,65,0,82,42,0,42,0,24,22,0,0,0,0,0,0,0
VT,50,Congressional District (at Large),"=""5000 """,89,0,89,"183,521",9,"16,149",54,"57,678",0,0,0,81,"336,513",0,"4,893",71,0,21,42,45,0,49,35,0,34,0,0,0,0,0,0,0,0,0,0
VT,50,Congressional District (at Large),"=""5000 """,28,0,28,"62,479",5,"3,673",9,"22,060",0,0,0,24,"124,296",0,"2,650",22,0,0,0,0,0,0,0,0,0,0,0,0,0,0,0,0,0,0,0
VT,50,Congressional District (at Large),"=""5000 """,57,0,57,"121,282",9,"15,384",29,"25,588",0,0,0,53,"223,662",0,"6,588",44,0,0,33,24,0,22,31,0,0,0,0,0,0,0,0,0,0,0,0
VT,50,Congressional District (at Large),"=""5000 """,488,0,488,"974,524",159,"121,875",257,"303,729",38,0,34,459,"1,813,601",29,"28,900",384,0,137,252,228,0,233,215,0,139,46,75,96,63,55,41,33,39,39,0
VT,50,Congressional District (at Large),"=""5000 """,34,0,34,"61,295",9,"9,296",9,"24,228",0,0,0,31,"127,787",0,"1,338",28,0,0,0,0,0,23,0,0,0,0,0,0,0,0,0,0,0,0,0
VT,50,Congressional District (at Large),"=""5000 """,647,0,647,"1,279,602",161,"115,527",325,"386,950",38,22,44,608,"2,370,542",39,"22,483",516,0,244,313,311,23,369,210,0,147,102,111,140,69,55,49,52,41,27,0
VT,50,Congressional District (at Large),"=""5000 """,141,0,141,"272,323",40,"25,286",67,"93,030",0,0,0,127,"482,280",0,"9,063",102,0,39,50,89,0,84,43,0,49,0,27,28,0,0,0,0,0,0,0
VT,50,Congressional District (at Large),"=""5000 """,32,0,32,"66,448",9,"10,045",9,"18,026",0,0,0,29,"133,796",0,"2,618",28,0,0,0,0,0,0,21,0,0,0,0,0,0,0,0,0,0,0,0
VT,50,Congressional District (at Large),"=""5000 """,171,0,171,"394,071",52,"38,193",96,"116,397",0,0,0,160,"670,638",0,"7,631",142,0,70,63,104,0,107,47,0,45,0,23,39,0,23,0,0,0,0,0
VT,50,Congressional District (at Large),"=""5000 """,273,0,273,"579,717",66,"50,844",146,"173,337",0,0,0,258,"1,073,879",0,"17,593",214,0,114,116,149,0,161,93,0,79,31,37,51,37,40,28,0,0,0,0
VT,50,Congressional District (at Large),"=""5000 """,0,0,0,"18,545",0,"2,102",0,"5,125",0,0,0,0,"28,739",0,"3,082",0,0,0,0,0,0,0,0,0,0,0,0,0,0,0,0,0,0,0,0
VT,50,Congressional District (at Large),"=""5000 """,31,0,31,"81,164",6,"3,748",9,"24,258",0,0,0,31,"133,454",0,0,29,0,0,0,0,0,0,0,0,0,0,0,0,0,0,0,0,0,0,0
VT,50,Congressional District (at Large),"=""5000 """,67,0,67,"154,059",9,"14,556",42,"56,740",0,0,0,61,"272,286",0,"2,095",50,0,24,40,26,0,28,33,0,0,0,0,0,0,0,0,0,0,0,0
VT,50,Congressional District (at Large),"=""5000 """,65,0,65,"167,336",9,"14,269",42,"57,537",0,0,0,60,"268,632",0,"7,602",50,0,0,36,28,0,33,25,0,26,0,0,0,0,0,0,0,0,0,0
VT,50,Congressional District (at Large),"=""5000 """,29,0,29,"69,514",9,"7,895",9,"19,644",0,0,0,26,"111,795",0,"1,262",0,0,0,0,0,0,0,0,0,0,0,0,0,0,0,0,0,0,0,0
VT,50,Congressional District (at Large),"=""5000 """,137,0,137,"313,690",44,"33,769",77,"107,330",0,0,0,129,"578,129",0,"11,232",111,0,36,72,59,0,68,59,0,40,0,0,21,0,0,0,0,0,0,0
VT,50,Congressional District (at Large),"=""5000 """,73,0,73,"159,217",24,"17,653",45,"55,583",0,0,0,68,"310,427",0,"8,126",52,0,23,35,37,0,44,27,0,28,0,0,0,0,0,0,0,0,0,0
VT,50,Congressional District (at Large),"=""5000 """,55,0,55,"105,653",9,"13,129",26,"34,009",0,0,0,46,"174,543",0,"11,986",37,0,0,22,32,0,37,0,0,31,0,0,0,0,0,0,0,0,0,0
VT,50,Congressional District (at Large),"=""5000 """,53,0,53,"88,535",9,"13,287",9,"28,629",0,0,0,46,"166,783",0,"5,670",34,0,0,0,34,0,38,0,0,0,0,0,0,0,0,0,0,0,0,0
VT,50,Congressional District (at Large),"=""5000 """,41,0,41,"57,410",9,"11,524",9,"19,225",0,0,0,35,"95,936",0,"3,778",27,0,0,0,27,0,36,0,0,23,0,0,0,0,0,0,0,0,0,0
VT,50,Congressional District (at Large),"=""5000 """,21,0,21,"41,390",4,"2,542",9,"10,655",0,0,0,21,"77,242",0,0,0,0,0,0,0,0,0,0,0,0,0,0,0,0,0,0,0,0,0,0
VT,50,Congressional District (at Large),"=""5000 """,70,0,70,"172,627",9,"12,894",35,"45,702",0,0,0,64,"287,731",0,"2,062",51,0,21,0,49,0,37,29,0,25,0,0,0,0,0,0,0,0,0,0
VT,50,Congressional District (at Large),"=""5000 """,32,0,32,"70,473",5,"3,715",9,"14,939",0,0,0,32,"118,035",0,0,29,0,0,0,0,0,0,23,0,0,0,0,0,0,0,0,0,0,0,0
VT,50,Congressional District (at Large),"=""5000 """,48,0,48,"98,133",9,"9,568",23,"25,716",0,0,0,45,"160,089",0,539,38,0,0,25,22,0,24,0,0,0,0,0,0,0,0,0,0,0,0,0
VT,50,Congressional District (at Large),"=""5000 """,114,0,114,"258,654",26,"16,758",62,"81,293",0,0,0,105,"439,484",0,"5,323",87,0,37,67,44,0,59,45,0,44,21,0,0,0,0,0,0,0,0,0
